{"content":[{"id":"5e85d773","settings":{"content_width":{"unit":"px","size":870,"sizes":[]},"background_background":"classic","background_color":"#EBEDF0","margin":{"unit":"px","top":"0","right":0,"bottom":"0","left":0,"isLinked":false},"padding":{"unit":"px","top":"60","right":"0","bottom":"30","left":"0","isLinked":false}},"elements":[{"id":"3432ee3","settings":{"_column_size":100,"_inline_size":null,"background_background":"classic","background_color":"#FFFFFF","border_radius":{"unit":"px","top":"15","right":"15","bottom":"15","left":"15","isLinked":true},"padding":{"unit":"px","top":"30","right":"0","bottom":"0","left":"0","isLinked":false},"margin":{"unit":"px","top":"0","right":"5","bottom":"0","left":"5","isLinked":false}},"elements":[{"id":"5d737091","settings":{"content_width":{"unit":"px","size":770,"sizes":[]},"margin":{"unit":"px","top":"0","right":0,"bottom":"0","left":0,"isLinked":false},"padding":{"unit":"px","top":"0","right":"0","bottom":"0","left":"0","isLinked":false}},"elements":[{"id":"1bb5c047","settings":{"_column_size":100,"_inline_size":null},"elements":[{"id":"49b87f0","settings":{"title":"Plano Inovador de","header_size":"h3","align":"center","title_color":"#9F9F9F","typography_typography":"custom","typography_font_family":"Poppins","typography_font_size":{"unit":"px","size":18,"sizes":[]},"typography_font_weight":"700","typography_text_transform":"uppercase","typography_font_size_mobile":{"unit":"px","size":14,"sizes":[]}},"elements":[],"isInner":false,"widgetType":"heading","elType":"widget"},{"id":"498b9ab","settings":{"title":"<span style=\"color:#E71345;font-size:42px\">30 Dias<\/span> Para Voc\u00ea Emagrecer Em Casa Sem Deixar De Comer O Que Voc\u00ea Gosta!","align":"center","title_color":"#393939","typography_typography":"custom","typography_font_family":"Poppins","typography_font_size":{"unit":"px","size":30,"sizes":[]},"typography_font_weight":"700","_margin":{"unit":"px","top":"0","right":"80","bottom":"0","left":"80","isLinked":false},"typography_text_transform":"uppercase","typography_font_size_mobile":{"unit":"px","size":18,"sizes":[]},"_margin_mobile":{"unit":"px","top":"0","right":"0","bottom":"0","left":"0","isLinked":false}},"elements":[],"isInner":false,"widgetType":"heading","elType":"widget"},{"id":"1c901486","settings":{"html":"<style>\n    #divOverPlayerYoutubeCabecalho {\t    \n\tposition: absolute;\n\tmargin-top: 0;\n\tmargin-left: 0;\n\tbackground-color: #FF0000;\n\theight: 20%;\n\twidth: 100%;\n\tz-index: 9999;\n\topacity: 0;\n\ttop: 0;\n\t\t\t\n}\n#divOverPlayerYoutubeRodape {\t\t\t\n\tposition: absolute;\n\tmargin-top: 0;\n\tmargin-left: 0;\n\tbackground-color: #FF0000;\n\theight: 20%;\n\twidth: 100%;\n\tz-index: 9999;\n\topacity: 0;\n\tbottom: 0;\t\t\t\n}\n@media screen and (max-width: 500px){\n    #divOverPlayerYoutubeCabecalho {\n        height: 30%;\n    }\n<\/style>\n\n<div>\n    <div id=\"divOverPlayerYoutubeCabecalho\"><\/div>\n    <div id=\"divOverPlayerYoutubeRodape\"><\/div>\n     <iframe width=\"560\" height=\"315\" src=\"https:\/\/www.youtube.com\/embed\/cba9xWne06c?rel=0&amp;controls=0&amp;showinfo=0&amp;enablejsapi=1&amp;playsinline=1&amp;start=1\" frameborder=\"0\" allowfullscreen allow=\"autoplay; \" style=\"border-radius:15px\"><\/iframe>\n<\/div>","_margin":{"unit":"px","top":"30","right":"50","bottom":"0","left":"50","isLinked":false},"_border_radius":{"unit":"px","top":"15","right":"15","bottom":"15","left":"15","isLinked":true},"_box_shadow_box_shadow_type":"yes","_box_shadow_box_shadow":{"horizontal":1,"vertical":1,"blur":8,"spread":-1,"color":"#E71345"},"_margin_mobile":{"unit":"px","top":"0","right":"0","bottom":"0","left":"0","isLinked":false}},"elements":[],"isInner":false,"widgetType":"html","elType":"widget"},{"id":"5c695ee2","settings":{"text":"quero emagrecer hoje","align":"center","typography_typography":"custom","typography_font_family":"Poppins","typography_font_size":{"unit":"px","size":20,"sizes":[]},"typography_font_weight":"500","typography_text_transform":"uppercase","background_color":"#E71345","border_radius":{"unit":"px","top":"50","right":"50","bottom":"50","left":"50","isLinked":true},"text_padding":{"unit":"px","top":"16","right":"40","bottom":"16","left":"40","isLinked":false},"_margin":{"unit":"px","top":"12","right":"0","bottom":"0","left":"0","isLinked":false},"typography_font_size_mobile":{"unit":"px","size":16,"sizes":[]},"_margin_mobile":{"unit":"px","top":"20","right":"10","bottom":"0","left":"10","isLinked":false},"_css_classes":"esconder"},"elements":[],"isInner":false,"widgetType":"button","elType":"widget"},{"id":"4b18ffef","settings":{"editor":"<p>J\u00e1 se perguntou porque algumas pessoas tem tanta facilidade em emagrecer, enquanto voc\u00ea j\u00e1 fez de tudo e n\u00e3o consegue reduzir um quilo sequer?<\/p><p>Provavelmente j\u00e1 percebeu que emagrecer n\u00e3o \u00e9 t\u00e3o f\u00e1cil quanto parece. Efeito sanfona, fome, compulsividade por doces e guloseimas, tudo isso afeta e muito a cabe\u00e7a de quem est\u00e1 tentando perder peso.<\/p><p>N\u00e3o consegue fechar a boca, baixa autoestima e sempre com vergonha de tirar a roupa em qualquer que seja a situa\u00e7\u00e3o. Se identifica com essa situa\u00e7\u00e3o?<\/p><p>Se esse for seu caso, e se eu dissesse que \u00e9 poss\u00edvel emagrecer r\u00e1pido sem parar de comer suas comidas preferidas e de uma forma saud\u00e1vel, voc\u00ea acreditaria?<\/p><p>Ol\u00e1, quero te mostrar como fiz para perder mais de 20 quilos em apenas 2 meses, e o melhor de tudo, como qualquer pessoa tamb\u00e9m pode perder 10 quilos ou mais assim como eu.<\/p><p>Se voc\u00ea \u00e9 como 99% das pessoas que sofrem para tentar emagrecer e j\u00e1 tentou de tudo, sem resultado, estou aqui para mudar isso.<\/p><p>Quero te mostrar o segredo que descobri ap\u00f3s anos de pesquisas e estudos afim de me livrar de situa\u00e7\u00f5es humilhantes que j\u00e1 passei por causa do sobrepeso. Ver\u00e1 como voc\u00ea tamb\u00e9m pode chegar ao corpo que deseja sem ter que passar fome ou abdicar dos alimentos que voc\u00ea ama.<\/p><p>Depois de mais de 10 anos tentando uma solu\u00e7\u00e3o consistente para perda de peso, descobri um programa alimentar simples de 30 dias que vai te ajudar a emagrecer e mudar de vida assim como me ajudou.<\/p>","text_color":"#393939","typography_typography":"custom","typography_font_family":"Poppins","typography_font_size":{"unit":"px","size":16,"sizes":[]},"typography_font_weight":"400","_margin":{"unit":"px","top":"20","right":"0","bottom":"0","left":"0","isLinked":false},"_css_classes":"esconder"},"elements":[],"isInner":false,"widgetType":"text-editor","elType":"widget"}],"isInner":true,"elType":"column"}],"isInner":true,"elType":"section"},{"id":"fcc66a","settings":{"content_width":{"unit":"px","size":770,"sizes":[]},"margin":{"unit":"px","top":"0","right":0,"bottom":"0","left":0,"isLinked":false},"padding":{"unit":"px","top":"40","right":"0","bottom":"5","left":"0","isLinked":false},"background_background":"classic","background_color":"#F8F8F8","layout":"full_width","gap":"no","css_classes":"esconder"},"elements":[{"id":"969fdec","settings":{"_column_size":100,"_inline_size":null,"align":"center"},"elements":[{"id":"71faa08","settings":{"title":"Programa de emagrecimento Ketox 30\n","align":"center","title_color":"#E71345","typography_typography":"custom","typography_font_family":"Poppins","typography_font_size":{"unit":"px","size":28,"sizes":[]},"typography_font_weight":"600","_margin":{"unit":"px","top":"0","right":"80","bottom":"0","left":"80","isLinked":false},"_margin_mobile":{"unit":"px","top":"0","right":"20","bottom":"0","left":"20","isLinked":false}},"elements":[],"isInner":false,"widgetType":"heading","elType":"widget"},{"id":"11b41af7","settings":{"editor":"<p>Dentro do programa voc\u00ea ter\u00e1 acesso a um passo a passo ao longo de 30 dias, com orienta\u00e7\u00f5es e plano de dieta para perder\u00a0 at\u00e9 10 quilos em um \u00fanico m\u00eas, e conquistar o corpo que sempre desejou.<\/p>","text_color":"#393939","typography_typography":"custom","typography_font_family":"Poppins","typography_font_size":{"unit":"px","size":18,"sizes":[]},"typography_font_weight":"400","_margin":{"unit":"px","top":"20","right":"50","bottom":"0","left":"50","isLinked":false},"align":"center","_margin_mobile":{"unit":"px","top":"0","right":"20","bottom":"0","left":"20","isLinked":false}},"elements":[],"isInner":false,"widgetType":"text-editor","elType":"widget"},{"id":"27acbb2c","settings":{"image":{"url":"https:\/\/segredolover.site\/wp-content\/uploads\/2021\/06\/pro1.jpg","id":809},"width":{"unit":"px","size":210,"sizes":[]},"_margin":{"unit":"px","top":"0","right":"0","bottom":"0","left":"0","isLinked":false},"_padding":{"unit":"px","top":"0","right":"0","bottom":"0","left":"0","isLinked":false},"_element_width":"auto","width_mobile":{"unit":"%","size":90,"sizes":[]}},"elements":[],"isInner":false,"widgetType":"image","elType":"widget"},{"id":"270dad50","settings":{"image":{"url":"https:\/\/segredolover.site\/wp-content\/uploads\/2021\/06\/pro2.jpg","id":810},"width":{"unit":"px","size":210,"sizes":[]},"_margin":{"unit":"px","top":"0","right":"0","bottom":"0","left":"0","isLinked":false},"_padding":{"unit":"px","top":"0","right":"0","bottom":"0","left":"0","isLinked":false},"_element_width":"auto","width_mobile":{"unit":"%","size":90,"sizes":[]}},"elements":[],"isInner":false,"widgetType":"image","elType":"widget"},{"id":"7b7a67fc","settings":{"image":{"url":"https:\/\/segredolover.site\/wp-content\/uploads\/2021\/06\/pro6.jpg","id":813},"width":{"unit":"px","size":210,"sizes":[]},"_margin":{"unit":"px","top":"0","right":"0","bottom":"0","left":"0","isLinked":false},"_padding":{"unit":"px","top":"0","right":"0","bottom":"0","left":"0","isLinked":false},"_element_width":"auto","width_mobile":{"unit":"%","size":90,"sizes":[]}},"elements":[],"isInner":false,"widgetType":"image","elType":"widget"},{"id":"5a572577","settings":{"image":{"url":"https:\/\/segredolover.site\/wp-content\/uploads\/2021\/06\/pro3.jpg","id":811},"width":{"unit":"px","size":210,"sizes":[]},"_margin":{"unit":"px","top":"0","right":"0","bottom":"0","left":"0","isLinked":false},"_padding":{"unit":"px","top":"0","right":"0","bottom":"0","left":"0","isLinked":false},"_element_width":"auto","width_mobile":{"unit":"%","size":90,"sizes":[]}},"elements":[],"isInner":false,"widgetType":"image","elType":"widget"}],"isInner":true,"elType":"column"}],"isInner":true,"elType":"section"},{"id":"37a20d97","settings":{"content_width":{"unit":"px","size":770,"sizes":[]},"margin":{"unit":"px","top":"0","right":0,"bottom":"0","left":0,"isLinked":false},"padding":{"unit":"px","top":"60","right":"0","bottom":"5","left":"0","isLinked":false},"background_background":"classic","background_color":"#FFFFFF","structure":"20","css_classes":"esconder"},"elements":[{"id":"5da208d8","settings":{"_column_size":50,"_inline_size":null,"align":"center","margin_mobile":{"unit":"px","top":"0","right":"20","bottom":"0","left":"20","isLinked":false},"padding_mobile":{"unit":"px","top":"0","right":"0","bottom":"0","left":"0","isLinked":false}},"elements":[{"id":"1138db7f","settings":{"image":{"url":"https:\/\/segredolover.site\/wp-content\/uploads\/2021\/06\/arte_p3.png","id":760},"width":{"unit":"%","size":90,"sizes":[]}},"elements":[],"isInner":false,"widgetType":"image","elType":"widget"}],"isInner":true,"elType":"column"},{"id":"53fb7912","settings":{"_column_size":50,"_inline_size":null,"align":"center","padding":{"unit":"px","top":"20","right":"87","bottom":"20","left":"20","isLinked":false},"margin_mobile":{"unit":"px","top":"0","right":"0","bottom":"0","left":"0","isLinked":false},"padding_mobile":{"unit":"px","top":"0","right":"0","bottom":"0","left":"0","isLinked":false}},"elements":[{"id":"7e425209","settings":{"title":"Ketox 30\n","align":"left","title_color":"#E71345","typography_typography":"custom","typography_font_family":"Poppins","typography_font_size":{"unit":"px","size":28,"sizes":[]},"typography_font_weight":"600","_margin":{"unit":"px","top":"0","right":"0","bottom":"0","left":"0","isLinked":false},"align_mobile":"center","_margin_mobile":{"unit":"px","top":"0","right":"20","bottom":"0","left":"20","isLinked":false}},"elements":[],"isInner":false,"widgetType":"heading","elType":"widget"},{"id":"6c03d166","settings":{"editor":"<p>Programa alimentar de 30 dias baseado na dieta cetog\u00eanica com toda a orienta\u00e7\u00e3o necess\u00e1ria para perda de peso r\u00e1pida e saud\u00e1vel, comendo o que voc\u00ea mais gosta.<\/p>","text_color":"#393939","typography_typography":"custom","typography_font_family":"Poppins","typography_font_size":{"unit":"px","size":18,"sizes":[]},"typography_font_weight":"400","_margin":{"unit":"px","top":"20","right":"0","bottom":"0","left":"0","isLinked":false},"align":"left","_margin_mobile":{"unit":"px","top":"0","right":"20","bottom":"0","left":"20","isLinked":false}},"elements":[],"isInner":false,"widgetType":"text-editor","elType":"widget"}],"isInner":true,"elType":"column"}],"isInner":true,"elType":"section"},{"id":"82ec828","settings":{"title":"O que voc\u00ea descobrir\u00e1 no programa...","align":"center","title_color":"#E71345","typography_typography":"custom","typography_font_family":"Roboto","typography_font_size":{"unit":"px","size":24,"sizes":[]},"typography_font_weight":"600","_margin":{"unit":"px","top":"40","right":"80","bottom":"0","left":"80","isLinked":false},"_margin_mobile":{"unit":"px","top":"40","right":"20","bottom":"0","left":"20","isLinked":false},"_css_classes":"esconder"},"elements":[],"isInner":false,"widgetType":"heading","elType":"widget"},{"id":"7b4addb8","settings":{"content_width":{"unit":"px","size":770,"sizes":[]},"margin":{"unit":"px","top":"0","right":0,"bottom":"0","left":0,"isLinked":false},"padding":{"unit":"px","top":"40","right":"0","bottom":"5","left":"0","isLinked":false},"background_background":"classic","background_color":"#FFFFFF","gap":"no","structure":"20","margin_mobile":{"unit":"px","top":"0","right":0,"bottom":"0","left":0,"isLinked":false},"padding_mobile":{"unit":"px","top":"0","right":"20","bottom":"0","left":"20","isLinked":false},"css_classes":"esconder"},"elements":[{"id":"5bc9dfc0","settings":{"_column_size":50,"_inline_size":null,"align":"center","padding":{"unit":"px","top":"20","right":"20","bottom":"20","left":"20","isLinked":false}},"elements":[{"id":"22b3672b","settings":{"icon_list":[{"text":"Como a ativar a queima de gordura autom\u00e1tica 24h, comendo o que mais gosta, sem sofrimento e sem fazer nenhum exerc\u00edcio f\u00edsico.","_id":"c15b7cb"},{"text":"O verdadeiro vil\u00e3o que impede sua perda de peso, e como alimentos ricos em gordura ajudar\u00e3o a perder peso mais r\u00e1pido.","_id":"38e7ddb"},{"text":"Porque o aumento e melhora de um processo natural do corpo chamado Cetose, causada pelo Ketox30, promove a perda de peso t\u00e3o r\u00e1pida.","_id":"6088415"},{"text":"Receitas f\u00e1ceis e r\u00e1pidas de fazer que aceleram o metabolismo e promovem o aumento da cetose. ","_id":"af6c0d0"}],"space_between":{"unit":"px","size":20,"sizes":[]},"icon_color":"#E71345","text_color":"#393939","icon_typography_typography":"custom","icon_typography_font_family":"Poppins","icon_typography_font_size":{"unit":"px","size":16,"sizes":[]},"icon_typography_font_weight":"400"},"elements":[],"isInner":false,"widgetType":"icon-list","elType":"widget"}],"isInner":true,"elType":"column"},{"id":"6123ecf2","settings":{"_column_size":50,"_inline_size":null,"align":"center","margin_mobile":{"unit":"px","top":"0","right":"0","bottom":"0","left":"0","isLinked":true},"padding_mobile":{"unit":"px","top":"0","right":"0","bottom":"0","left":"0","isLinked":false}},"elements":[{"id":"7b71c9f3","settings":{"image":{"url":"https:\/\/segredolover.site\/wp-content\/uploads\/2021\/06\/ben2.1.png","id":765},"align":"center","image_size":"full","width":{"unit":"%","size":60,"sizes":[]},"_margin":{"unit":"px","top":"30","right":"0","bottom":"0","left":"0","isLinked":false},"width_mobile":{"unit":"%","size":50,"sizes":[]},"_margin_mobile":{"unit":"px","top":"10","right":"0","bottom":"0","left":"0","isLinked":false}},"elements":[],"isInner":false,"widgetType":"image","elType":"widget"}],"isInner":true,"elType":"column"}],"isInner":true,"elType":"section"},{"id":"70fc3cfc","settings":{"title":"Depoimentos de quem j\u00e1 fez o programa Ketox 30","align":"center","title_color":"#E71345","typography_typography":"custom","typography_font_family":"Poppins","typography_font_size":{"unit":"px","size":24,"sizes":[]},"typography_font_weight":"600","_margin":{"unit":"px","top":"60","right":"80","bottom":"0","left":"80","isLinked":false},"_margin_mobile":{"unit":"px","top":"40","right":"20","bottom":"0","left":"20","isLinked":false},"_css_classes":"esconder"},"elements":[],"isInner":false,"widgetType":"heading","elType":"widget"},{"id":"14847382","settings":{"gap":"no","structure":"30","margin":{"unit":"px","top":"20","right":0,"bottom":"0","left":0,"isLinked":false},"padding":{"unit":"px","top":"0","right":"0","bottom":"0","left":"0","isLinked":false},"content_width":{"unit":"px","size":735,"sizes":[]},"margin_mobile":{"unit":"px","top":"0","right":0,"bottom":"0","left":0,"isLinked":false},"css_classes":"esconder"},"elements":[{"id":"5db1b76b","settings":{"_column_size":33,"_inline_size":null,"padding":{"unit":"px","top":"20","right":"0","bottom":"20","left":"0","isLinked":false},"border_radius":{"unit":"px","top":"12","right":"12","bottom":"12","left":"12","isLinked":true},"box_shadow_box_shadow_type":"yes","box_shadow_box_shadow":{"horizontal":1,"vertical":2,"blur":10,"spread":-1,"color":"rgba(0,0,0,0.5)"},"margin":{"unit":"px","top":"10","right":"10","bottom":"10","left":"10","isLinked":true}},"elements":[{"id":"2f2a0ed1","settings":{"image":{"url":"https:\/\/segredolover.site\/wp-content\/uploads\/2021\/06\/Jose.jpg","id":717},"width":{"unit":"px","size":65,"sizes":[]},"_margin":{"unit":"px","top":"0","right":"0","bottom":"0","left":"0","isLinked":false},"image_border_radius":{"unit":"px","top":"50","right":"50","bottom":"50","left":"50","isLinked":true},"image_border_border":"solid","image_border_color":"#F45B7F"},"elements":[],"isInner":false,"widgetType":"image","elType":"widget"},{"id":"5c33bb0b","settings":{"editor":"<p>H\u00e1 alguns meses tive principio de infarto devido ao meu sobrepeso. O m\u00e9dico me recomendou a perda de 20 quilos, o mais r\u00e1pido poss\u00edvel. Na busca por maneiras de emagrecer, encontrei o programa 30 dias de dieta cetog\u00eanica. Hoje, quase 3 meses depois, estou 22 quilos mais leve e livre de in\u00fameros problemas de sa\u00fade.<\/p>","text_color":"#393939","typography_typography":"custom","typography_font_family":"Poppins","typography_font_size":{"unit":"px","size":14,"sizes":[]},"typography_font_weight":"500","_margin":{"unit":"px","top":"0","right":"10","bottom":"-18","left":"10","isLinked":false},"align":"left","align_mobile":"center","_margin_mobile":{"unit":"px","top":"0","right":"20","bottom":"0","left":"20","isLinked":false}},"elements":[],"isInner":false,"widgetType":"text-editor","elType":"widget"},{"id":"3b11a1df","settings":{"image":{"url":"https:\/\/segredolover.site\/wp-content\/uploads\/2021\/06\/dep1.1.jpg","id":718},"width":{"unit":"%","size":100,"sizes":[]},"_margin":{"unit":"px","top":"0","right":"0","bottom":"0","left":"0","isLinked":false},"image_border_radius":{"unit":"px","top":"0","right":"0","bottom":"0","left":"0","isLinked":true}},"elements":[],"isInner":false,"widgetType":"image","elType":"widget"},{"id":"74b401","settings":{"title":"Jos\u00e9","header_size":"span","align":"center","title_color":"#E71345","typography_typography":"custom","typography_font_family":"Roboto","typography_font_size":{"unit":"px","size":14,"sizes":[]},"typography_font_weight":"600","_margin":{"unit":"px","top":"0","right":"0","bottom":"-10","left":"0","isLinked":false}},"elements":[],"isInner":false,"widgetType":"heading","elType":"widget"},{"id":"556efdba","settings":{"title":"Porto Alegre, RS","header_size":"span","align":"center","title_color":"#393939","typography_typography":"custom","typography_font_family":"Roboto","typography_font_size":{"unit":"px","size":12,"sizes":[]},"typography_font_weight":"400","_margin":{"unit":"px","top":"-10","right":"0","bottom":"0","left":"0","isLinked":false}},"elements":[],"isInner":false,"widgetType":"heading","elType":"widget"}],"isInner":true,"elType":"column"},{"id":"34ac1f18","settings":{"_column_size":33,"_inline_size":null,"padding":{"unit":"px","top":"20","right":"0","bottom":"20","left":"0","isLinked":false},"border_radius":{"unit":"px","top":"12","right":"12","bottom":"12","left":"12","isLinked":true},"box_shadow_box_shadow_type":"yes","box_shadow_box_shadow":{"horizontal":1,"vertical":2,"blur":10,"spread":-1,"color":"rgba(0,0,0,0.5)"},"margin":{"unit":"px","top":"10","right":"10","bottom":"10","left":"10","isLinked":true}},"elements":[{"id":"1bba3d08","settings":{"image":{"url":"https:\/\/segredolover.site\/wp-content\/uploads\/2021\/06\/thumb.jpg","id":728},"width":{"unit":"px","size":65,"sizes":[]},"_margin":{"unit":"px","top":"0","right":"0","bottom":"0","left":"0","isLinked":false},"image_border_radius":{"unit":"px","top":"50","right":"50","bottom":"50","left":"50","isLinked":true},"image_border_border":"solid","image_border_color":"#F45B7F"},"elements":[],"isInner":false,"widgetType":"image","elType":"widget"},{"id":"4ab0662e","settings":{"editor":"<p>Sempre lutei contra a balan\u00e7a, fazendo inumeras dietas e n\u00e3o tendo sucesso em nehuma delas. At\u00e9 que eu ouvi falar sobre a dieta cetog\u00eanica e, pesquisando encontrei o programa 30 dias de dieta cetog\u00eanica. Hoje estou dentro do meu peso, e esbanjando sa\u00fade.<\/p>","text_color":"#393939","typography_typography":"custom","typography_font_family":"Poppins","typography_font_size":{"unit":"px","size":14,"sizes":[]},"typography_font_weight":"500","_margin":{"unit":"px","top":"0","right":"10","bottom":"-18","left":"10","isLinked":false},"align":"left","align_mobile":"center","_margin_mobile":{"unit":"px","top":"0","right":"20","bottom":"0","left":"20","isLinked":false}},"elements":[],"isInner":false,"widgetType":"text-editor","elType":"widget"},{"id":"1050d817","settings":{"image":{"url":"https:\/\/segredolover.site\/wp-content\/uploads\/2021\/06\/dep2.1.jpg","id":723},"width":{"unit":"%","size":100,"sizes":[]},"_margin":{"unit":"px","top":"0","right":"0","bottom":"0","left":"0","isLinked":false},"image_border_radius":{"unit":"px","top":"0","right":"0","bottom":"0","left":"0","isLinked":true}},"elements":[],"isInner":false,"widgetType":"image","elType":"widget"},{"id":"3f392c53","settings":{"title":"Renata","header_size":"span","align":"center","title_color":"#E71345","typography_typography":"custom","typography_font_family":"Roboto","typography_font_size":{"unit":"px","size":14,"sizes":[]},"typography_font_weight":"600","_margin":{"unit":"px","top":"0","right":"0","bottom":"-10","left":"0","isLinked":false}},"elements":[],"isInner":false,"widgetType":"heading","elType":"widget"},{"id":"668e8f5a","settings":{"title":"Vit\u00f3ria, ES","header_size":"span","align":"center","title_color":"#393939","typography_typography":"custom","typography_font_family":"Roboto","typography_font_size":{"unit":"px","size":12,"sizes":[]},"typography_font_weight":"400","_margin":{"unit":"px","top":"-10","right":"0","bottom":"0","left":"0","isLinked":false}},"elements":[],"isInner":false,"widgetType":"heading","elType":"widget"}],"isInner":true,"elType":"column"},{"id":"6f796702","settings":{"_column_size":33,"_inline_size":null,"padding":{"unit":"px","top":"20","right":"0","bottom":"20","left":"0","isLinked":false},"border_radius":{"unit":"px","top":"12","right":"12","bottom":"12","left":"12","isLinked":true},"box_shadow_box_shadow_type":"yes","box_shadow_box_shadow":{"horizontal":1,"vertical":2,"blur":10,"spread":-1,"color":"rgba(0,0,0,0.5)"},"margin":{"unit":"px","top":"10","right":"10","bottom":"10","left":"10","isLinked":true}},"elements":[{"id":"eacad0e","settings":{"image":{"url":"https:\/\/segredolover.site\/wp-content\/uploads\/2021\/06\/bar.jpg","id":729},"width":{"unit":"px","size":65,"sizes":[]},"_margin":{"unit":"px","top":"0","right":"0","bottom":"0","left":"0","isLinked":false},"image_border_radius":{"unit":"px","top":"50","right":"50","bottom":"50","left":"50","isLinked":true},"image_border_border":"solid","image_border_color":"#F45B7F"},"elements":[],"isInner":false,"widgetType":"image","elType":"widget"},{"id":"610e3f3c","settings":{"editor":"<p>Tudo mudou depois que eu conheci o programa 30 dias de dieta cetog\u00eanica. Perdi peso sem pisar na academia, mudei a minha rotina di\u00e1ria e conquistei o corpo que sonhava em ter h\u00e1 anos<\/p>","text_color":"#393939","typography_typography":"custom","typography_font_family":"Poppins","typography_font_size":{"unit":"px","size":14,"sizes":[]},"typography_font_weight":"500","_margin":{"unit":"px","top":"0","right":"10","bottom":"-18","left":"10","isLinked":false},"align":"left","align_mobile":"center","_margin_mobile":{"unit":"px","top":"0","right":"20","bottom":"0","left":"20","isLinked":false}},"elements":[],"isInner":false,"widgetType":"text-editor","elType":"widget"},{"id":"7263d09c","settings":{"image":{"url":"https:\/\/segredolover.site\/wp-content\/uploads\/2021\/06\/dep3.1.jpg","id":724},"width":{"unit":"%","size":100,"sizes":[]},"_margin":{"unit":"px","top":"0","right":"0","bottom":"0","left":"0","isLinked":false},"image_border_radius":{"unit":"px","top":"0","right":"0","bottom":"0","left":"0","isLinked":true}},"elements":[],"isInner":false,"widgetType":"image","elType":"widget"},{"id":"32a3c4f9","settings":{"title":"B\u00e1rbara","header_size":"span","align":"center","title_color":"#E71345","typography_typography":"custom","typography_font_family":"Roboto","typography_font_size":{"unit":"px","size":14,"sizes":[]},"typography_font_weight":"600","_margin":{"unit":"px","top":"0","right":"0","bottom":"-10","left":"0","isLinked":false}},"elements":[],"isInner":false,"widgetType":"heading","elType":"widget"},{"id":"4ce59822","settings":{"title":"Blumenau, SC","header_size":"span","align":"center","title_color":"#393939","typography_typography":"custom","typography_font_family":"Roboto","typography_font_size":{"unit":"px","size":12,"sizes":[]},"typography_font_weight":"400","_margin":{"unit":"px","top":"-10","right":"0","bottom":"0","left":"0","isLinked":false}},"elements":[],"isInner":false,"widgetType":"heading","elType":"widget"}],"isInner":true,"elType":"column"}],"isInner":true,"elType":"section"},{"id":"38002316","settings":{"title":"Aqui est\u00e1 tudo o que voc\u00ea receber\u00e1...","align":"center","title_color":"#E71345","typography_typography":"custom","typography_font_family":"Poppins","typography_font_size":{"unit":"px","size":24,"sizes":[]},"typography_font_weight":"600","_margin":{"unit":"px","top":"80","right":"80","bottom":"0","left":"80","isLinked":false},"typography_font_size_mobile":{"unit":"px","size":28,"sizes":[]},"_margin_mobile":{"unit":"px","top":"60","right":"20","bottom":"0","left":"20","isLinked":false},"_css_classes":"esconder"},"elements":[],"isInner":false,"widgetType":"heading","elType":"widget"},{"id":"631b50e0","settings":{"content_width":{"unit":"px","size":735,"sizes":[]},"structure":"20","margin":{"unit":"px","top":"0","right":0,"bottom":"0","left":0,"isLinked":false},"padding":{"unit":"px","top":"35","right":"0","bottom":"35","left":"0","isLinked":false},"gap_columns_custom":{"unit":"px","size":45,"sizes":[]},"margin_mobile":{"unit":"px","top":"0","right":0,"bottom":"0","left":0,"isLinked":false},"padding_mobile":{"unit":"px","top":"0","right":"0","bottom":"30","left":"0","isLinked":false},"css_classes":"esconder"},"elements":[{"id":"3581e72b","settings":{"_column_size":50,"_inline_size":35.98400000000000176214598468504846096038818359375,"margin_mobile":{"unit":"px","top":"0","right":"0","bottom":"0","left":"0","isLinked":false},"padding_mobile":{"unit":"px","top":"20","right":"20","bottom":"20","left":"20","isLinked":true}},"elements":[{"id":"595eaed8","settings":{"image":{"url":"https:\/\/segredolover.site\/wp-content\/uploads\/2021\/06\/ebook_principal.png","id":655},"width":{"unit":"%","size":100,"sizes":[]},"align_mobile":"left","width_mobile":{"unit":"%","size":87,"sizes":[]}},"elements":[],"isInner":false,"widgetType":"image","elType":"widget"}],"isInner":true,"elType":"column"},{"id":"251e57ab","settings":{"_column_size":50,"_inline_size":64.0160000000000053432813729159533977508544921875,"padding":{"unit":"px","top":"20","right":"60","bottom":"20","left":"60","isLinked":false},"margin_mobile":{"unit":"px","top":"0","right":"0","bottom":"0","left":"0","isLinked":false},"padding_mobile":{"unit":"px","top":"20","right":"20","bottom":"20","left":"20","isLinked":true}},"elements":[{"id":"213d81ef","settings":{"title":"Programa de emagrecimento completo de 30 dias.","header_size":"h4","title_color":"#000000","typography_typography":"custom","typography_font_family":"Poppins","typography_font_size":{"unit":"px","size":18,"sizes":[]},"typography_font_weight":"600","align_mobile":"left","_margin_mobile":{"unit":"px","top":"0","right":"0","bottom":"0","left":"0","isLinked":false},"_padding_mobile":{"unit":"px","top":"0","right":"0","bottom":"0","left":"0","isLinked":false}},"elements":[],"isInner":false,"widgetType":"heading","elType":"widget"},{"id":"25e58ab4","settings":{"editor":"Cronograma completo de alimenta\u00e7\u00e3o ao longo de 30 dias com receitas para perder peso, incluindo dicas para um estilo de vida saud\u00e1vel e saboroso com pouco carboidrato.<strong><s>(Valor R$ 247)<\/s><\/strong>","text_color":"#393939","typography_typography":"custom","typography_font_family":"Poppins","typography_font_size":{"unit":"px","size":16,"sizes":[]},"typography_font_weight":"400","_margin":{"unit":"px","top":"0","right":"0","bottom":"-18","left":"0","isLinked":false},"align":"left"},"elements":[],"isInner":false,"widgetType":"text-editor","elType":"widget"}],"isInner":true,"elType":"column"}],"isInner":true,"elType":"section"},{"id":"3c95e6ad","settings":{"content_width":{"unit":"px","size":770,"sizes":[]},"margin":{"unit":"px","top":"0","right":0,"bottom":"0","left":0,"isLinked":false},"padding":{"unit":"px","top":"60","right":"0","bottom":"60","left":"0","isLinked":false},"background_background":"classic","background_color":"#F8F8F8","padding_mobile":{"unit":"px","top":"30","right":"0","bottom":"30","left":"0","isLinked":false},"css_classes":"esconder"},"elements":[{"id":"24e1a6e8","settings":{"_column_size":100,"_inline_size":null,"align":"center","padding_mobile":{"unit":"px","top":"20","right":"20","bottom":"20","left":"20","isLinked":true}},"elements":[{"id":"30be461e","settings":{"title":"Especial","align":"center","title_color":"#9F9F9F","typography_typography":"custom","typography_font_family":"Poppins","typography_font_size":{"unit":"px","size":18,"sizes":[]},"typography_font_weight":"400","_margin":{"unit":"px","top":"0","right":"80","bottom":"0","left":"80","isLinked":false},"typography_text_transform":"uppercase"},"elements":[],"isInner":false,"widgetType":"heading","elType":"widget"},{"id":"543b1385","settings":{"title":"3 B\u00f4nus Exclusivos","align":"center","title_color":"#E71345","typography_typography":"custom","typography_font_family":"Poppins","typography_font_size":{"unit":"px","size":40,"sizes":[]},"typography_font_weight":"bold","_margin":{"unit":"px","top":"0","right":"80","bottom":"0","left":"80","isLinked":false},"typography_font_size_mobile":{"unit":"px","size":28,"sizes":[]},"_margin_mobile":{"unit":"px","top":"0","right":"0","bottom":"0","left":"0","isLinked":false},"_padding_mobile":{"unit":"px","top":"0","right":"0","bottom":"0","left":"0","isLinked":false}},"elements":[],"isInner":false,"widgetType":"heading","elType":"widget"},{"id":"58d884d","settings":{"editor":"<p>Garantindo hoje seu acesso ao programa alimentar Ketox 30, voc\u00ea ir\u00e1 garantir 3 incr\u00edveis b\u00f4nus: Alimentos Ketox, Receitas Ketox e Checklist Ketox de forma TOTALMENTE gratuita!<\/p>","text_color":"#393939","typography_typography":"custom","typography_font_family":"Poppins","typography_font_size":{"unit":"px","size":18,"sizes":[]},"typography_font_weight":"400","_margin":{"unit":"px","top":"12","right":"0","bottom":"-18","left":"0","isLinked":false},"align":"center","typography_font_size_mobile":{"unit":"px","size":16,"sizes":[]}},"elements":[],"isInner":false,"widgetType":"text-editor","elType":"widget"},{"id":"49002562","settings":{"image":{"url":"https:\/\/segredolover.site\/wp-content\/uploads\/2021\/06\/bonus.png","id":663},"width":{"unit":"%","size":50,"sizes":[]},"_margin":{"unit":"px","top":"16","right":"0","bottom":"0","left":"0","isLinked":false},"width_mobile":{"unit":"%","size":100,"sizes":[]}},"elements":[],"isInner":false,"widgetType":"image","elType":"widget"},{"id":"5bb1f645","settings":{"editor":"3 B\u00f4nus exclusivos.<strong><s>(Valor R$ 147)<\/s><\/strong>","text_color":"#393939","typography_typography":"custom","typography_font_family":"Poppins","typography_font_size":{"unit":"px","size":16,"sizes":[]},"typography_font_weight":"400","_margin":{"unit":"px","top":"0","right":"0","bottom":"-18","left":"0","isLinked":false},"align":"center"},"elements":[],"isInner":false,"widgetType":"text-editor","elType":"widget"}],"isInner":true,"elType":"column"}],"isInner":true,"elType":"section"},{"id":"1af34ce2","settings":{"content_width":{"unit":"px","size":785,"sizes":[]},"margin":{"unit":"px","top":"0","right":0,"bottom":"0","left":0,"isLinked":false},"padding":{"unit":"px","top":"40","right":"0","bottom":"60","left":"0","isLinked":false},"css_classes":"esconder"},"elements":[{"id":"1853ce7","settings":{"_column_size":100,"_inline_size":null},"elements":[{"id":"29f4d32","settings":{"title":"Valor total de R$ 394,00 ","align":"center","title_color":"#9F9F9F","typography_typography":"custom","typography_font_family":"Poppins","typography_font_size":{"unit":"px","size":14,"sizes":[]},"typography_font_weight":"600","_margin":{"unit":"px","top":"0","right":"80","bottom":"0","left":"80","isLinked":false},"typography_text_transform":"uppercase","typography_text_decoration":"line-through","_margin_mobile":{"unit":"px","top":"0","right":"0","bottom":"0","left":"0","isLinked":false}},"elements":[],"isInner":false,"widgetType":"heading","elType":"widget"},{"id":"4736e358","settings":{"title":"Por R$ 197,00","align":"center","title_color":"#272727","typography_typography":"custom","typography_font_family":"Poppins","typography_font_size":{"unit":"px","size":20,"sizes":[]},"typography_font_weight":"900","_margin":{"unit":"px","top":"-15","right":"80","bottom":"0","left":"80","isLinked":false},"typography_text_transform":"uppercase"},"elements":[],"isInner":false,"widgetType":"heading","elType":"widget"},{"id":"6bcdfb14","settings":{"title":"Tenha acesso ao Programa Ketox 30 com 50% de desconto hoje","align":"center","title_color":"#E71345","typography_typography":"custom","typography_font_family":"Poppins","typography_font_size":{"unit":"px","size":40,"sizes":[]},"typography_font_weight":"600","_margin":{"unit":"px","top":"0","right":"60","bottom":"0","left":"60","isLinked":false},"typography_font_size_mobile":{"unit":"px","size":27,"sizes":[]},"_margin_mobile":{"unit":"px","top":"0","right":"20","bottom":"0","left":"20","isLinked":false}},"elements":[],"isInner":false,"widgetType":"heading","elType":"widget"},{"id":"e9e39af","settings":{"image":{"url":"https:\/\/segredolover.site\/wp-content\/uploads\/2021\/06\/todos.png","id":700},"width":{"unit":"%","size":70,"sizes":[]},"_margin":{"unit":"px","top":"30","right":"0","bottom":"0","left":"0","isLinked":false},"width_mobile":{"unit":"%","size":100,"sizes":[]},"_margin_mobile":{"unit":"px","top":"0","right":"0","bottom":"0","left":"0","isLinked":false}},"elements":[],"isInner":false,"widgetType":"image","elType":"widget"},{"id":"77dcd17","settings":{"text":"Inscrever-se Agora","align":"center","typography_typography":"custom","typography_font_family":"Poppins","typography_font_size":{"unit":"px","size":20,"sizes":[]},"typography_font_weight":"500","typography_text_transform":"uppercase","background_color":"#E71345","border_radius":{"unit":"px","top":"50","right":"50","bottom":"50","left":"50","isLinked":true},"text_padding":{"unit":"px","top":"16","right":"40","bottom":"16","left":"40","isLinked":false},"_margin":{"unit":"px","top":"12","right":"0","bottom":"0","left":"0","isLinked":false},"typography_font_size_mobile":{"unit":"px","size":16,"sizes":[]},"_margin_mobile":{"unit":"px","top":"20","right":"10","bottom":"0","left":"10","isLinked":false}},"elements":[],"isInner":false,"widgetType":"button","elType":"widget"}],"isInner":true,"elType":"column"}],"isInner":true,"elType":"section"},{"id":"46472b20","settings":{"content_width":{"unit":"px","size":770,"sizes":[]},"margin":{"unit":"px","top":"0","right":0,"bottom":"0","left":0,"isLinked":false},"padding":{"unit":"px","top":"40","right":"0","bottom":"30","left":"0","isLinked":false},"background_background":"classic","background_color":"#FFEEF2","structure":"20","css_classes":"esconder"},"elements":[{"id":"70dc656f","settings":{"_column_size":50,"_inline_size":null,"align":"center","margin":{"unit":"px","top":"0","right":"10","bottom":"0","left":"0","isLinked":false},"margin_mobile":{"unit":"px","top":"0","right":"0","bottom":"0","left":"0","isLinked":false}},"elements":[{"id":"24eeb052","settings":{"image":{"url":"https:\/\/segredolover.site\/wp-content\/uploads\/2021\/06\/selo.png","id":602},"width":{"unit":"px","size":170,"sizes":[]}},"elements":[],"isInner":false,"widgetType":"image","elType":"widget"}],"isInner":true,"elType":"column"},{"id":"39fb4bfd","settings":{"_column_size":50,"_inline_size":null,"align":"center","margin":{"unit":"px","top":"0","right":"0","bottom":"0","left":"10","isLinked":false},"margin_mobile":{"unit":"px","top":"0","right":"0","bottom":"0","left":"0","isLinked":false},"padding_mobile":{"unit":"px","top":"20","right":"20","bottom":"20","left":"20","isLinked":true}},"elements":[{"id":"22fffdb7","settings":{"title":"Garantia Ketox 30","align":"left","title_color":"#E71345","typography_typography":"custom","typography_font_family":"Poppins","typography_font_size":{"unit":"px","size":24,"sizes":[]},"typography_font_weight":"600","_margin":{"unit":"px","top":"0","right":"0","bottom":"0","left":"0","isLinked":false},"align_mobile":"center"},"elements":[],"isInner":false,"widgetType":"heading","elType":"widget"},{"id":"78bb8971","settings":{"editor":"<p>O c\u00f3digo de defesa do consumidor (Art. 49) garante 7 dias para solicitar reembolso em caso de insatisfa\u00e7\u00e3o com o produto. N\u00f3s confiamos tanto em nossos estudos e pesquisas que lhe garantimos 30 dias de garantia incondicional!<\/p>","text_color":"#393939","typography_typography":"custom","typography_font_family":"Poppins","typography_font_size":{"unit":"px","size":16,"sizes":[]},"typography_font_weight":"400","_margin":{"unit":"px","top":"0","right":"0","bottom":"0","left":"0","isLinked":false},"align":"left","align_mobile":"center"},"elements":[],"isInner":false,"widgetType":"text-editor","elType":"widget"}],"isInner":true,"elType":"column"}],"isInner":true,"elType":"section"},{"id":"737e6603","settings":{"content_width":{"unit":"px","size":770,"sizes":[]},"margin":{"unit":"px","top":"0","right":0,"bottom":"0","left":0,"isLinked":false},"padding":{"unit":"px","top":"40","right":"0","bottom":"40","left":"0","isLinked":false},"css_classes":"esconder"},"elements":[{"id":"7de3aa95","settings":{"_column_size":100,"_inline_size":null},"elements":[{"id":"30f0dc03","settings":{"title":"Perguntas frequentes","title_color":"#E71345","typography_typography":"custom","typography_font_family":"Poppins","typography_font_size":{"unit":"px","size":35,"sizes":[]},"typography_font_weight":"600","typography_font_size_mobile":{"unit":"px","size":28,"sizes":[]}},"elements":[],"isInner":false,"widgetType":"heading","elType":"widget"},{"id":"6ef8c28e","settings":{"tabs":[{"tab_title":"O que uma dieta cetog\u00eanica?","tab_content":"<p>De maneira resumida, uma dieta cetog\u00eanica consiste em um plano de alimenta\u00e7\u00e3o pobre de carboidratos, rico em gorduras e com uma quantidade controlada de prote\u00ednas. O que resulta em um processo conhecido como cetose.<\/p><p>A dieta cetog\u00eanica, por contar com uma baixa ingest\u00e3o de carboidratos, faz com que o corpo seja for\u00e7ado a quebrar as mol\u00e9culas de gordura armazenadas, no processo de cetose, e assim a pessoa emagre\u00e7a.<\/p>","_id":"8272fba"},{"tab_title":"A dieta cetog\u00eanica \u00e9 segura?","tab_content":"<p>Geralmente sim, a dieta cetog\u00eanica \u00e9 muito segura. No entanto, pessoas que est\u00e3o passando por um tratamento para diabetes, press\u00e3o alta, ou est\u00e3o amamentando, devem se consultar com seu m\u00e9dico antes de iniciar a dieta cetog\u00eanica.<\/p>","_id":"45e4e19"},{"tab_title":"Em quanto tempo posso perder o peso que preciso?","tab_content":"<p>Cada organismo funciona de uma maneira diferente, por isso, \u00e9 dif\u00edcil estipular um tempo m\u00e9dio para o in\u00edcio da perda de peso. No entanto, \u00e9 comum que as pessoas comecem a notar diferen\u00e7a no peso em duas semanas.<\/p>","_id":"cbc3291"},{"tab_title":"Quais bebidas s\u00e3o permitidas em uma dieta cet\u00f4nica?","tab_content":"<p>Todas as bebidas que possuem zero, ou baixos n\u00edveis de carboidratos e a\u00e7\u00facares s\u00e3o permitidas. Ch\u00e1s e caf\u00e9 sem a\u00e7\u00facar, por exemplo, al\u00e9m de muita \u00e1gua, s\u00e3o os mais indicados.<\/p>","_id":"995439e"},{"tab_title":"O que acontece se eu me arrepender da compra do programa?","tab_content":"<p>Caso voc\u00ea se arrependa da aquisi\u00e7\u00e3o do programa 30 dias de dieta cetog\u00eanica e queria desistir dele, basta entrar em contato com nossa equipe de atendimento, que todos os passos para o cancelamento e a devolu\u00e7\u00e3o do dinheiro investido lhe ser\u00e3o fornecidos.<\/p>","_id":"b8b3b6f"}],"border_width":{"unit":"px","size":0,"sizes":[]},"title_color":"#E71345","tab_active_color":"#242424","title_typography_typography":"custom","title_typography_font_family":"Poppins","title_typography_font_size":{"unit":"px","size":18,"sizes":[]},"title_typography_font_weight":"500","icon_align":"right","content_color":"#393939","content_typography_typography":"custom","content_typography_font_family":"Poppins","content_typography_font_size":{"unit":"px","size":16,"sizes":[]},"content_typography_font_weight":"400","content_padding":{"unit":"px","top":"5","right":"20","bottom":"20","left":"20","isLinked":false},"title_typography_font_size_mobile":{"unit":"px","size":16,"sizes":[]},"content_typography_font_size_mobile":{"unit":"px","size":14,"sizes":[]}},"elements":[],"isInner":false,"widgetType":"accordion","elType":"widget"},{"id":"3ad366fa","settings":{"text":"Entre para o Programa Agora","align":"center","typography_typography":"custom","typography_font_family":"Poppins","typography_font_size":{"unit":"px","size":20,"sizes":[]},"typography_font_weight":"500","typography_text_transform":"uppercase","background_color":"#E71345","border_radius":{"unit":"px","top":"50","right":"50","bottom":"50","left":"50","isLinked":true},"text_padding":{"unit":"px","top":"16","right":"40","bottom":"16","left":"40","isLinked":false},"_margin":{"unit":"px","top":"30","right":"0","bottom":"0","left":"0","isLinked":false},"typography_font_size_mobile":{"unit":"px","size":16,"sizes":[]},"_margin_mobile":{"unit":"px","top":"20","right":"10","bottom":"0","left":"10","isLinked":false}},"elements":[],"isInner":false,"widgetType":"button","elType":"widget"}],"isInner":true,"elType":"column"}],"isInner":true,"elType":"section"},{"id":"59158bac","settings":{"structure":"20","background_background":"classic","background_color":"#FF3464","border_radius":{"unit":"px","top":"0","right":"0","bottom":"15","left":"15","isLinked":false},"margin":{"unit":"px","top":"25","right":0,"bottom":"0","left":0,"isLinked":false},"padding":{"unit":"px","top":"10","right":"10","bottom":"10","left":"10","isLinked":false}},"elements":[{"id":"2d7f428e","settings":{"_column_size":50,"_inline_size":null},"elements":[{"id":"7a3bdcc","settings":{"title":"PIRATARIA \u00c9 <span style=\"color:#000;font-weight:600\">CRIME<\/span>","header_size":"h5","align_mobile":"center","title_color":"#FFFFFF","typography_typography":"custom","typography_font_family":"Poppins","typography_font_size":{"unit":"px","size":18,"sizes":[]},"typography_font_weight":"400","typography_letter_spacing":{"unit":"px","size":2,"sizes":[]}},"elements":[],"isInner":false,"widgetType":"heading","elType":"widget"},{"id":"7fff294e","settings":{"editor":"<p>A venda do Projeto Ketox 30 s\u00f3 pode ser realizada atrav\u00e9s deste site, registrado em nome de Info Makers LTDA. Qualquer outro site onde voc\u00ea encontre este programa \u00e9 uma FALSIFICA\u00c7\u00c3O e vai contra as leis. Evite falsifica\u00e7\u00f5es e recuse conte\u00fados ilegais ou pirateados. N\u00c3O adquira programas parecidos e que n\u00e3o s\u00e3o baseados em anos de estudo da psicologia comportamental. N\u00e3o nos responsabilizamos por compras realizadas em outros sites.<\/p>","align_mobile":"center","text_color":"#FFFFFF","typography_typography":"custom","typography_font_family":"Poppins","typography_font_size":{"unit":"px","size":12,"sizes":[]},"typography_font_weight":"300"},"elements":[],"isInner":false,"widgetType":"text-editor","elType":"widget"}],"isInner":true,"elType":"column"},{"id":"2d8e723","settings":{"_column_size":50,"_inline_size":null},"elements":[{"id":"23722813","settings":{"image":{"url":"https:\/\/segredolover.site\/wp-content\/uploads\/2021\/06\/keto30-logo.png","id":917}},"elements":[],"isInner":false,"widgetType":"image","elType":"widget"},{"id":"673af9cf","settings":{"editor":"<p>Copyright 2021 - Info Makers LTDA \u00ae<br \/>Todos os direitos reservados.<\/p>","align":"center","text_color":"#FFFFFF","typography_typography":"custom","typography_font_family":"Poppins","typography_font_size":{"unit":"px","size":12,"sizes":[]},"typography_font_weight":"300"},"elements":[],"isInner":false,"widgetType":"text-editor","elType":"widget"},{"id":"48eca59c","settings":{"editor":"<p><span style=\"color: #e8e8e8;\"><a style=\"color: #e8e8e8;\" href=\"\/termos-ketox\" target=\"_blank\" rel=\"noopener\">Termos de Uso<\/a> | <a style=\"color: #e8e8e8;\" href=\"\/politicas-ketox\" target=\"_blank\" rel=\"noopener\">Pol\u00edticas de Privacidade<\/a><\/span><\/p>","align":"center","text_color":"#FFFFFF","typography_typography":"custom","typography_font_family":"Poppins","typography_font_size":{"unit":"px","size":12,"sizes":[]},"typography_font_weight":"300"},"elements":[],"isInner":false,"widgetType":"text-editor","elType":"widget"}],"isInner":true,"elType":"column"}],"isInner":true,"elType":"section"}],"isInner":false,"elType":"column"}],"isInner":false,"elType":"section"},{"id":"79a3643b","settings":{"background_background":"classic","background_color":"#EBEDF0","margin":{"unit":"px","top":"0","right":0,"bottom":"0","left":0,"isLinked":false},"padding":{"unit":"px","top":"0","right":"0","bottom":"0","left":"0","isLinked":false},"content_width":{"unit":"px","size":650,"sizes":[]}},"elements":[{"id":"420fb067","settings":{"_column_size":100,"_inline_size":null},"elements":[{"id":"4e823ee5","settings":{"editor":"<p><b>Este site n\u00e3o \u00e9 afiliado ao Facebook ou a qualquer entidade do Facebook.<\/b>\u00a0Depois que voc\u00ea sair do Facebook, a responsabilidade n\u00e3o \u00e9 deles e sim do nosso site. Fazemos todos os esfor\u00e7os para indicar claramente e mostrar todas as provas do produto e usamos resultados reais.\u00a0<\/p>","align":"center","typography_typography":"custom","typography_font_family":"Trebuchet MS","typography_font_size":{"unit":"px","size":14,"sizes":[]},"typography_font_weight":"400"},"elements":[],"isInner":false,"widgetType":"text-editor","elType":"widget"},{"id":"5240b065","settings":{"html":"<script src=\"https:\/\/ajax.googleapis.com\/ajax\/libs\/jquery\/3.5.1\/jquery.min.js\"><\/script>\r\n\r\n\r\n<!--In\u00edcio do codigo para delay de conteudo-->\r\n<style>\r\n    .esconder {\r\n        display: none;\r\n    }\r\n<\/style>\r\n\r\n<script>\r\n        $(document).ready(function() {\r\n        setTimeout(() => {\r\n            $('.esconder').fadeIn('slow');\r\n        }, 5 * 1 * 1000) \/\/ 30 \u00e9 a quantidade em segundos do delay\r\n    })\r\n<\/script>\r\n<!--Fim do codigo para delay de conteudo-->\r\n"},"elements":[],"isInner":false,"widgetType":"html","elType":"widget"}],"isInner":false,"elType":"column"}],"isInner":false,"elType":"section"}],"page_settings":{"eael_ext_toc_title":"Table of Contents"},"version":"0.4","title":"Template_Apollo_Finch_Pagina_De_Vendas_CD_2.0","type":"page"}